2026-05-10 17:29:00,,frame_210
2026-05-10 17:29:08,,frame_240
2026-05-10 17:29:21,,frame_290
2026-05-10 17:29:27,,frame_310
2026-05-10 17:29:30,,frame_320
2026-05-10 17:29:33,,frame_330
2026-05-10 17:29:33,,frame_330
2026-05-10 17:29:33,,frame_330
2026-05-10 17:29:36,,frame_340
2026-05-10 17:29:36,,frame_340
2026-05-10 17:29:36,,frame_340
2026-05-10 17:29:36,,frame_340
2026-05-10 17:29:40,,frame_350
2026-05-10 17:29:40,,frame_350
2026-05-10 17:29:40,,frame_350
2026-05-10 17:29:40,,frame_350
2026-05-10 17:29:53,,frame_400
2026-05-10 17:29:53,,frame_400
2026-05-10 17:29:56,,frame_410
2026-05-10 17:29:56,,frame_410
2026-05-10 17:29:59,,frame_420
2026-05-10 17:29:59,,frame_420
2026-05-10 17:30:01,,frame_430
2026-05-10 17:30:04,,frame_440
2026-05-10 17:30:05,,frame_440
2026-05-10 17:30:08,,frame_450
2026-05-11 11:18:35,,frame_80
2026-05-11 11:18:41,861076070,frame_90
2026-05-11 11:18:44,364076070,frame_100
2026-05-11 11:18:50,0F13756070,frame_110
2026-05-11 11:18:54,7610756070,frame_120
2026-05-11 11:19:17,FCA07F,frame_210
2026-05-11 11:19:20,ECA076070,frame_220
2026-05-11 11:19:23,ECA076070,frame_230
2026-05-11 11:19:25,ECA076070,frame_240
2026-05-11 11:19:29,E6A076070,frame_250
2026-05-11 11:19:32,EGAO76070,frame_260
2026-05-11 11:19:40,,frame_290
2026-05-11 11:19:44,KA53JE9OA1,frame_300
2026-05-11 11:19:47,,frame_310
2026-05-11 11:19:48,KA53JF90A1J,frame_310
2026-05-11 14:51:34,7,frame_20
2026-05-11 14:51:34,,frame_20
2026-05-11 14:51:35,,frame_20
2026-05-11 14:51:35,,frame_20
2026-05-11 14:51:38,,frame_30
2026-05-11 14:51:38,,frame_30
2026-05-11 14:51:38,,frame_30
2026-05-11 14:51:38,,frame_30
2026-05-11 14:51:41,,frame_40
2026-05-11 14:51:42,,frame_40
2026-05-11 14:51:42,,frame_40
2026-05-11 14:51:48,,frame_60
2026-05-11 14:51:48,,frame_60
2026-05-11 14:51:48,,frame_60
2026-05-11 14:51:53,,frame_70
2026-05-11 14:51:53,,frame_70
2026-05-11 14:51:53,,frame_70
2026-05-11 14:51:53,,frame_70
2026-05-11 14:51:53,,frame_70
2026-05-11 14:51:53,7,frame_70
2026-05-11 14:51:53,,frame_70
2026-05-11 14:51:57,,frame_80
2026-05-11 14:51:57,,frame_80
2026-05-11 14:51:57,,frame_80
2026-05-11 14:51:57,,frame_80
2026-05-11 14:51:57,,frame_80
2026-05-11 14:51:57,,frame_80
2026-05-11 14:51:58,,frame_80
2026-05-11 14:51:58,,frame_80
2026-05-11 14:52:01,,frame_90
2026-05-11 14:52:01,3,frame_90
2026-05-11 14:52:01,,frame_90
2026-05-11 14:52:01,,frame_90
2026-05-11 14:52:01,KH0JL65252,frame_90
2026-05-11 14:52:01,,frame_90
2026-05-11 14:52:01,,frame_90
2026-05-11 14:52:01,,frame_90
2026-05-11 14:52:01,,frame_90
2026-05-11 14:52:01,,frame_90
2026-05-11 14:52:05,,frame_100
2026-05-11 14:52:05,,frame_100
2026-05-11 14:52:05,,frame_100
2026-05-11 14:52:05,,frame_100
2026-05-11 14:52:05,,frame_100
2026-05-11 14:52:05,,frame_100
2026-05-11 14:52:05,34,frame_100
2026-05-11 14:52:05,,frame_100
2026-05-11 14:52:08,70,frame_110
2026-05-11 14:52:08,,frame_110
2026-05-11 14:52:08,,frame_110
2026-05-11 14:52:08,,frame_110
2026-05-11 14:52:08,,frame_110
2026-05-11 14:52:08,,frame_110
2026-05-11 14:52:08,,frame_110
2026-05-11 14:52:08,,frame_110
2026-05-11 14:52:08,,frame_110
2026-05-11 14:52:09,,frame_110
2026-05-11 14:52:12,,frame_120
2026-05-11 14:52:12,,frame_120
2026-05-11 14:52:12,,frame_120
2026-05-11 14:52:12,,frame_120
2026-05-11 14:52:12,,frame_120
2026-05-11 14:52:12,,frame_120
2026-05-11 14:52:12,7,frame_120
2026-05-11 14:52:12,,frame_120
2026-05-11 14:52:12,,frame_120
2026-05-11 14:52:12,,frame_120
2026-05-11 14:52:16,,frame_130
2026-05-11 14:52:16,,frame_130
2026-05-11 14:52:16,,frame_130
2026-05-11 14:52:16,,frame_130
2026-05-11 14:52:16,,frame_130
2026-05-11 14:52:16,,frame_130
2026-05-11 14:52:16,,frame_130
2026-05-11 14:52:16,,frame_130
